[
    {
        "names_of_dishes": "Борщ",
        "products": "Свекла - 2 шт; Капуста - 300 г; Картофель - 3 шт; Морковь - 1 шт; Лук - 1 шт; Томатная паста - 2 ст. ложки; Бульон - 1,5 л; Соль - по вкусу.",
        "recipe": "Свеклу, морковь и лук натереть на терке. Обжарить с томатной пастой. Картофель и капусту нарезать. В кипящий бульон добавить картофель, через 10 минут — капусту, а еще через 5 минут — зажарку. Варить до готовности овощей. Подавать со сметаной."
    },
    {
        "names_of_dishes": "Брускетта с анчоусами",
        "products": "Багет - 1 шт.; Анчоусы - 6 шт.; Помидоры - 2 шт.; Оливковое масло - 2 ст. ложки; Чеснок - 1 зубчик; Базилик - по вкусу.",
        "recipe": "Багет нарезать и подсушить. Натереть чесноком, выложить нарезанные помидоры и анчоусы, полить маслом и украсить базиликом."
    },
    {
        "names_of_dishes": "Винегрет",
        "products": "Свекла - 2 шт; Картофель - 3 шт; Морковь - 2 шт; Соленые огурцы - 3 шт; Горох консервированный - 100 г; Масло растительное - 2 ст. ложки; Соль - по вкусу.",
        "recipe": "Овощи отварить, очистить и нарезать кубиками. Огурцы нарезать, смешать с овощами и горохом. Заправить растительным маслом, посолить по вкусу."
    },
    {
        "names_of_dishes": "Гаспачо",
        "products": "Помидоры - 4 шт; Огурец - 1 шт; Перец сладкий - 1 шт; Лук репчатый - 1 шт; Чеснок - 2 зубчика; Оливковое масло - 3 ст. ложки; Уксус винный - 2 ст. ложки; Соль - по вкусу; Перец - по вкусу; Лед - несколько кубиков.",
        "recipe": "Помидоры ошпарить кипятком и очистить от кожицы. Огурец и перец нарезать крупными кусками, лук и чеснок мелко порезать. Все ингредиенты, включая помидоры, сложить в блендер и тщательно перемешать до получения однородной массы. Добавить уксус, оливковое масло, соль и перец по вкусу. Перемешать еще раз. Перед подачей на стол можно охладить суп, добавив несколько кубиков льда. Гаспачо лучше подавать с кусочками свежего хлеба или с жареными гренками."
    },
    {
        "names_of_dishes": "Голубцы",
        "products": "Капуста белокочанная - 1 шт.; Фарш мясной - 500 г; Рис - 100 г; Лук - 1 шт.; Томатная паста - 3 ст. ложки; Соль, специи - по вкусу.",
        "recipe": "Капустные листья ошпарить кипятком. Смешать фарш с отварным рисом и луком. Заворачивать начинку в листья, тушить голубцы в воде с томатной пастой 40 минут."
    },
    {
        "names_of_dishes": "Драники",
        "products": "Картофель - 500 г; Яйца - 1 шт.; Мука - 2 ст. ложки; Соль - 0,5 ч. ложки; Масло растительное - 50 мл.",
        "recipe": "Картофель натереть на мелкой терке, добавить яйцо, муку и соль. На разогретую сковороду выкладывать ложкой картофельную массу, жарить до румяной корочки с обеих сторон."
    },
    {
        "names_of_dishes": "Жареные кабачки с чесноком",
        "products": "Кабачки - 2 шт.; Чеснок - 2 зубчика; Мука - 3 ст. ложки; Масло растительное - 50 мл; Соль - по вкусу.",
        "recipe": "Кабачки нарезать кружками, посолить. Обвалять в муке и обжарить на сковороде. Подавать с измельченным чесноком."
    },
    {
        "names_of_dishes": "Жареные патисоны",
        "products": "Патисоны - 2 шт.; Мука - 3 ст. ложки; Соль - 0,5 ч. ложки; Масло растительное - 50 мл.",
        "recipe": "Патисоны нарезать тонкими кружками, посолить. Обвалять в муке и обжарить на сковороде с маслом до золотистой корочки с обеих сторон."
    },
    {
        "names_of_dishes": "Запеканка с капустой",
        "products": "Капуста белокочанная - 500 г; Яйца - 2 шт.; Сметана - 3 ст. ложки; Сыр - 100 г; Соль, специи - по вкусу.",
        "recipe": "Капусту нарезать, обдать кипятком, выложить в форму. Смешать яйца со сметаной, полить капусту, посыпать тертым сыром. Запекать при 180°C 30 минут."
    },
    {
        "names_of_dishes": "Запечённый картофель",
        "products": "Картофель - 1 кг; Масло растительное - 50 мл; Соль, специи - по вкусу.",
        "recipe": "Картофель нарезать дольками, смешать с маслом, солью и специями. Выложить на противень и запекать в разогретой до 200°C духовке 30-40 минут."
    },
    {
        "names_of_dishes": "Кабачки в кляре",
        "products": "Кабачки - 2 шт.; Яйца - 1 шт.; Мука - 3 ст. ложки; Соль - по вкусу; Масло растительное - 50 мл.",
        "recipe": "Кабачки нарезать кружками, посолить. Яйца взбить с солью, обмакнуть кабачки в яйцо, затем в муку. Жарить на разогретой сковороде до золотистого цвета."
    },
    {
        "names_of_dishes": "Кабачковая запеканка",
        "products": "Кабачки - 500 г; Яйца - 2 шт.; Сыр - 100 г; Сметана - 2 ст. ложки; Соль - по вкусу.",
        "recipe": "Кабачки натереть на терке, слегка отжать. Смешать с яйцами, натертым сыром, сметаной и солью. Выложить в форму и запекать в духовке при 180°C около 30 минут."
    },
    {
        "names_of_dishes": "Кабачковая икра",
        "products": "Кабачки - 1 кг; Морковь - 1 шт.; Лук - 1 шт.; Томатная паста - 2 ст. ложки; Масло растительное - 50 мл; Соль, специи - по вкусу.",
        "recipe": "Кабачки, морковь и лук нарезать и обжарить на сковороде. Добавить томатную пасту, соль и специи. Тушить 20 минут, затем измельчить блендером до однородности."
    },
    {
        "names_of_dishes": "Кабачковые оладьи",
        "products": "Кабачки - 2 шт.; Яйца - 1 шт.; Мука - 3 ст. ложки; Соль - 0,5 ч. ложки; Масло растительное - 50 мл.",
        "recipe": "Кабачки натереть на терке, слегка отжать сок. Смешать с яйцом, мукой и солью. На разогретую сковороду с маслом выкладывать ложкой тесто и жарить оладьи до золотистой корочки с обеих сторон."
    },
    {
        "names_of_dishes": "Кабачковые рулеты",
        "products": "Кабачки - 2 шт.; Сливочный сыр - 100 г; Чеснок - 1 зубчик; Зелень - по вкусу; Масло растительное - 30 мл.",
        "recipe": "Кабачки нарезать тонкими полосками, обжарить на гриле или сковороде. Смешать сыр с чесноком и зеленью. Намазать кабачковые полоски сырной смесью, свернуть рулетами и закрепить шпажками."
    },
    {
        "names_of_dishes": "Кабачковый суп-пюре",
        "products": "Кабачки - 3 шт.; Картофель - 2 шт.; Лук - 1 шт.; Сливки - 100 мл; Соль, специи - по вкусу.",
        "recipe": "Кабачки, картофель и лук нарезать и варить до мягкости. Измельчить блендером, добавить сливки, соль и специи. Прогреть на плите, не доводя до кипения."
    },
    {
        "names_of_dishes": "Капустные котлеты",
        "products": "Капуста белокочанная - 500 г; Яйца - 1 шт.; Мука - 3 ст. ложки; Соль - 0,5 ч. ложки; Масло растительное - 50 мл.",
        "recipe": "Капусту мелко нарезать, отварить в кипящей воде 5 минут, затем отжать. Смешать с яйцом, мукой и солью. Формировать котлеты и обжаривать на сковороде до золотистой корочки."
    },
    {
        "names_of_dishes": "Капустные оладьи",
        "products": "Капуста белокочанная - 400 г; Яйца - 2 шт.; Мука - 4 ст. ложки; Соль - 0,5 ч. ложки; Масло растительное - 50 мл.",
        "recipe": "Капусту измельчить, обдать кипятком, отжать. Смешать с яйцами, мукой и солью. Жарить на разогретой сковороде, формируя оладьи."
    },
    {
        "names_of_dishes": "Капустные пирожки",
        "products": "Капуста белокочанная - 300 г; Лук - 1 шт.; Дрожжевое тесто - 500 г; Масло растительное - 30 мл; Соль, специи - по вкусу.",
        "recipe": "Капусту мелко нарезать, обжарить с луком и специями. Раскатать тесто, выложить начинку, сформировать пирожки. Выпекать при 180°C 20-25 минут."
    },
    {
        "names_of_dishes": "Капустный суп",
        "products": "Капуста белокочанная - 300 г; Картофель - 3 шт.; Лук - 1 шт.; Морковь - 1 шт.; Соль, специи - по вкусу.",
        "recipe": "Капусту нарезать, картофель порезать кубиками, лук и морковь измельчить. В кипящую воду добавить картофель, через 5 минут — капусту, лук и морковь. Варить до готовности, посолить и добавить специи."
    },
    {
        "names_of_dishes": "Картофель в мундире",
        "products": "Картофель - 1 кг; Соль - по вкусу.",
        "recipe": "Картофель тщательно вымыть, отварить в подсоленной воде до готовности. Подавать горячим с маслом или сметаной."
    },
    {
        "names_of_dishes": "Картофель фри",
        "products": "Картофель - 500 г; Масло растительное - 500 мл; Соль - по вкусу.",
        "recipe": "Картофель очистить, нарезать брусками и обсушить. Разогреть масло во фритюрнице или глубокой сковороде. Обжарить картофель до золотистой корочки, затем посолить."
    },
    {
        "names_of_dishes": "Картофельная запеканка",
        "products": "Картофель - 1 кг; Сливки - 200 мл; Сыр - 100 г; Соль, специи - по вкусу.",
        "recipe": "Картофель нарезать тонкими кружками, выложить в форму слоями. Каждый слой посолить и посыпать специями. Залить сливками, сверху посыпать тертым сыром. Запекать при 180°C 40-50 минут."
    },
    {
        "names_of_dishes": "Картофельное пюре",
        "products": "Картофель - 1 кг; Молоко - 200 мл; Масло сливочное - 50 г; Соль - по вкусу.",
        "recipe": "Картофель очистить, нарезать и отварить в подсоленной воде до мягкости. Слить воду, добавить молоко и масло. Размять картофель до однородной консистенции."
    },
    {
        "names_of_dishes": "Картофельное пюре с анчоусами",
        "products": "Картофель - 500 г; Анчоусы - 4 шт.; Молоко - 100 мл; Сливочное масло - 50 г; Соль - по вкусу.",
        "recipe": "Картофель отварить и размять. Анчоусы мелко нарезать и вмешать в пюре вместе с молоком и маслом. Прогреть перед подачей."
    },
    {
        "names_of_dishes": "Картофельные зразы",
        "products": "Картофель - 500 г; Яйца - 1 шт.; Мука - 2 ст. ложки; Фарш мясной - 300 г; Соль, специи - по вкусу; Масло растительное - 50 мл.",
        "recipe": "Картофель отварить и размять, добавить яйцо и муку. Сформировать лепёшки, положить внутрь начинку из обжаренного фарша. Закрыть края, обжарить на сковороде до золотистой корочки."
    },
    {
        "names_of_dishes": "Картофельные чипсы",
        "products": "Картофель - 500 г; Масло растительное - 500 мл; Соль - по вкусу.",
        "recipe": "Картофель нарезать тонкими кружками, обсушить. Обжарить в разогретом масле до хрустящей корочки. Посолить перед подачей."
    },
    {
        "names_of_dishes": "Картофельный салат",
        "products": "Картофель - 500 г; Огурцы солёные - 3 шт.; Лук - 1 шт.; Майонез - 3 ст. ложки; Соль - по вкусу.",
        "recipe": "Картофель отварить и нарезать кубиками, добавить нарезанные огурцы и лук. Заправить майонезом, посолить и перемешать."
    },
    {
        "names_of_dishes": "Картофельный суп",
        "products": "Картофель - 500 г; Лук - 1 шт.; Морковь - 1 шт.; Соль, специи - по вкусу.",
        "recipe": "Картофель нарезать кубиками, лук и морковь измельчить. В кипящую воду добавить овощи, варить до готовности картофеля. Посолить и приправить специями."
    },
    {
        "names_of_dishes": "Квашеная капуста",
        "products": "Капуста белокочанная - 1 кг; Морковь - 1 шт.; Соль - 1 ст. ложка.",
        "recipe": "Капусту нашинковать, морковь натереть. Смешать с солью, хорошо помять руками. Уложить в банку, придавить грузом и оставить на 3-4 дня при комнатной температуре."
    },
    {
        "names_of_dishes": "Классическая пицца",
        "products": "Мука - 500 г; Вода - 300 мл; Дрожжи сухие - 1 ч. ложка; Соль - 1 ч. ложка; Оливковое масло - 2 ст. ложки; Томатный соус - 150 г; Моцарелла - 200 г; Пармезан - 50 г; Черный перец - 0,5 ч. ложки; Итальянские травы - 1 ч. ложка; Помидоры - 2-3 шт.",
        "recipe": "В миске смешать муку, соль и дрожжи. Постепенно добавить теплую воду и оливковое масло, замесить тесто. Замешивать тесто до тех пор, пока оно не станет эластичным и не будет прилипать к рукам. Оставить тесто на 1 час в теплом месте для подъема. Пока тесто поднимется, нарезать помидоры и моцареллу. Разогреть духовку до 220 градусов Цельсия. Когда тесто поднимется, раскатать его в круглый пласт на слегка присыпанной мукой поверхности. Переложить тесто на противень, смазанный оливковым маслом, и равномерно распределить томатный соус по поверхности. Затем выложить нарезанные помидоры и моцареллу. Посыпать пиццу пармезаном, черным перцем и итальянскими травами. Выпекать пиццу в духовке 10-15 минут до золотистой корочки. Пицца готова! Можно подавать с зеленью."
    },
    {
        "names_of_dishes": "Куриный суп с лапшой",
        "products": "Курица - 300 г; Лапша - 100 г; Морковь - 1 шт; Лук - 1 шт; Сельдерей - 50 г; Бульон - 1,5 л; Соль - по вкусу.",
        "recipe": "Курицу отварить, вынуть из бульона, нарезать кусочками. Морковь, лук и сельдерей нарезать, добавить в бульон. Варить 10 минут, затем добавить лапшу и курицу. Варить до готовности лапши."
    },
    {
        "names_of_dishes": "Маринованная морковь по-корейски",
        "products": "Морковь - 500 г; Чеснок - 3 зубчика; Уксус - 2 ст. ложки; Сахар - 1 ст. ложка; Соль - 1 ч. ложка; Специи для корейской моркови - 1 ч. ложка; Масло растительное - 50 мл.",
        "recipe": "Морковь натереть на терке для корейской моркови, смешать с солью, сахаром, уксусом, специями и чесноком. Полить горячим маслом, перемешать и оставить на 1-2 часа."
    },
    {
        "names_of_dishes": "Маринованные патисоны",
        "products": "Патисоны - 1 кг; Вода - 1 л; Уксус - 100 мл; Сахар - 2 ст. ложки; Соль - 1 ст. ложка; Лавровый лист - 2 шт.; Чеснок - 2 зубчика.",
        "recipe": "Патисоны нарезать и разложить по банкам. Воду закипятить с уксусом, солью, сахаром, лавровым листом и чесноком. Залить маринад в банки, закатать и оставить охлаждаться."
    },
    {
        "names_of_dishes": "Морковные котлеты",
        "products": "Морковь - 500 г; Манка - 3 ст. ложки; Яйца - 1 шт.; Соль - 0,5 ч. ложки; Масло растительное - 50 мл.",
        "recipe": "Морковь натереть на терке, тушить на слабом огне с небольшим количеством воды до мягкости. Добавить манку, перемешать и остудить. Смешать с яйцом и солью. Формировать котлеты и обжаривать на сковороде до румяной корочки."
    },
    {
        "names_of_dishes": "Морковные оладьи",
        "products": "Морковь - 400 г; Яйца - 1 шт.; Мука - 3 ст. ложки; Соль - 0,5 ч. ложки; Масло растительное - 50 мл.",
        "recipe": "Морковь натереть на терке, смешать с яйцом, мукой и солью. Жарить на сковороде, формируя оладьи."
    },
    {
        "names_of_dishes": "Морковный пирог",
        "products": "Морковь - 300 г; Яйца - 2 шт.; Мука - 200 г; Сахар - 150 г; Разрыхлитель - 1 ч. ложка; Масло растительное - 50 мл.",
        "recipe": "Морковь натереть на терке. Смешать яйца, сахар, масло, добавить морковь. Постепенно добавить муку с разрыхлителем. Выложить в форму, выпекать при 180°C 30-40 минут."
    },
    {
        "names_of_dishes": "Морковный салат",
        "products": "Морковь - 300 г; Чеснок - 2 зубчика; Майонез - 2 ст. ложки; Соль - по вкусу.",
        "recipe": "Морковь натереть на терке, чеснок измельчить. Смешать с майонезом и солью. Охладить перед подачей."
    },
    {
        "names_of_dishes": "Морковный сок",
        "products": "Морковь - 1 кг; Сахар - по вкусу.",
        "recipe": "Морковь очистить, пропустить через соковыжималку. По желанию добавить сахар. Подавать охлажденным."
    },
    {
        "names_of_dishes": "Морковный суп-пюре",
        "products": "Морковь - 500 г; Картофель - 2 шт.; Лук - 1 шт.; Сливки - 100 мл; Соль, специи - по вкусу.",
        "recipe": "Морковь, картофель и лук нарезать, отварить до мягкости. Измельчить блендером, добавить сливки, соль и специи. Прогреть на плите, не доводя до кипения."
    },
    {
        "names_of_dishes": "Морковь на гриле",
        "products": "Морковь - 500 г; Оливковое масло - 2 ст. ложки; Соль, специи - по вкусу.",
        "recipe": "Морковь очистить, нарезать крупными кусками. Смешать с маслом, солью и специями. Обжаривать на гриле до мягкости и золотистой корочки."
    },
    {
        "names_of_dishes": "Морской коктейль",
        "products": "Морепродукты (креветки, мидии, кальмары) - 500 г; Лимон - 1 шт; Чеснок - 2 зубчика; Оливковое масло - 2 ст. ложки; Соль - по вкусу; Перец черный молотый - по вкусу; Зелень (укроп, петрушка) - по вкусу.",
        "recipe": "Морепродукты отварить в подсоленной воде до готовности. Креветки очистить от панцирей, кальмары нарезать кольцами, мидии оставить в ракушках. Лимон нарезать дольками, чеснок мелко порезать. На сковороде разогреть оливковое масло, добавить чеснок и немного обжарить до золотистого цвета. Добавить морепродукты, посолить и поперчить по вкусу, жарить 2-3 минуты. Выдавить лимонный сок и посыпать зеленью. Подавайте морской коктейль горячим, украсив лимонными дольками."
    },
    {
        "names_of_dishes": "Овсяная каша",
        "products": "Овсяные хлопья - 50 г; Молоко - 200 мл; Сахар - 1 ст. ложка; Соль - щепотка; Масло сливочное - 10 г.",
        "recipe": "Молоко довести до кипения, добавить овсяные хлопья, сахар и соль. Варить на слабом огне, помешивая, 5-7 минут. Добавить масло перед подачей."
    },
    {
        "names_of_dishes": "Омлет",
        "products": "Яйца - 3 шт; Молоко - 100 мл; Соль - 0,5 ч. ложки; Масло сливочное - 10 г.",
        "recipe": "Взбить яйца с молоком и солью до однородности. Разогреть сковороду с маслом, влить смесь и готовить на слабом огне до загустения. Свернуть омлет пополам и подавать горячим."
    },
    {
        "names_of_dishes": "Омлет с анчоусами",
        "products": "Яйца - 3 шт.; Анчоусы - 4 шт.; Молоко - 50 мл; Сливочное масло - 10 г; Соль - по вкусу.",
        "recipe": "Яйца взбить с молоком и солью. Вылить на сковороду с растопленным маслом, добавить нарезанные анчоусы и готовить до готовности омлета."
    },
    {
        "names_of_dishes": "Паста Карбонара",
        "products": "Спагетти - 200 г; Бекон - 100 г; Яйца - 2 шт; Сыр пармезан - 50 г; Чеснок - 1 зубчик; Сливки - 50 мл; Оливковое масло - 1 ст. ложка.",
        "recipe": "Отварить спагетти. Бекон обжарить с чесноком на оливковом масле. Смешать яйца, сыр и сливки. Добавить пасту к бекону, снять с огня, влить соус и быстро перемешать."
    },
    {
        "names_of_dishes": "Паста с анчоусами и чесноком",
        "products": "Спагетти - 200 г; Анчоусы - 6 шт.; Чеснок - 2 зубчика; Оливковое масло - 3 ст. ложки; Петрушка - 1 пучок; Красный перец - 1/2 ч. ложки; Соль - по вкусу.",
        "recipe": "Отварить спагетти до готовности. В сковороде разогреть масло, обжарить чеснок и анчоусы до растворения. Добавить перец и мелко нарезанную петрушку. Вмешать спагетти, прогреть и подавать."
    },
    {
        "names_of_dishes": "Патисоновые оладьи",
        "products": "Патисоны - 2 шт.; Яйца - 1 шт.; Мука - 3 ст. ложки; Соль - 0,5 ч. ложки; Масло растительное - 50 мл.",
        "recipe": "Патисоны натереть на терке, слегка отжать. Смешать с яйцами, мукой и солью. Обжаривать на сковороде, формируя оладьи."
    },
    {
        "names_of_dishes": "Патисоны в кляре",
        "products": "Патисоны - 2 шт.; Яйца - 1 шт.; Мука - 3 ст. ложки; Соль - по вкусу; Масло растительное - 50 мл.",
        "recipe": "Патисоны нарезать кружками, посолить. Взбить яйца с солью. Обмакнуть патисоны в яйцо, затем в муку. Обжарить на сковороде до золотистого цвета."
    },
    {
        "names_of_dishes": "Патисоны на гриле",
        "products": "Патисоны - 2 шт.; Оливковое масло - 2 ст. ложки; Чеснок - 1 зубчик; Соль, специи - по вкусу.",
        "recipe": "Патисоны нарезать ломтиками, посолить, посыпать специями и полить маслом. Обжарить на гриле до мягкости. Подавать горячими, посыпав чесноком."
    },
    {
        "names_of_dishes": "Патисоны с сыром в духовке",
        "products": "Патисоны - 2 шт.; Сыр - 100 г; Сметана - 3 ст. ложки; Соль, специи - по вкусу.",
        "recipe": "Патисоны нарезать кружками, выложить в форму, посолить. Сметану смешать с натертым сыром и специями, полить патисоны. Запекать при 180°C около 20 минут."
    },
    {
        "names_of_dishes": "Пицца из морепродуктов",
        "products": "Тесто для пиццы - 1 шт (готовое или домашнее); Морепродукты (креветки, мидии, кальмары) - 300 г; Сыр моцарелла - 200 г; Помидоры - 2 шт; Оливковое масло - 2 ст. ложки; Чеснок - 2 зубчика; Соль - по вкусу; Перец черный молотый - по вкусу; Итальянские травы - по вкусу.",
        "recipe": "Если у вас готовое тесто, разогрейте духовку до 220°C. Тесто раскатайте в круглый пласт и выложите на противень, застеленный бумагой для выпечки. Оливковое масло разогрейте на сковороде, добавьте нарезанный чеснок и обжаривайте 1-2 минуты. Затем добавьте морепродукты, посолите и поперчите, обжаривайте 3-5 минут до готовности. На пиццу выложите нарезанные помидоры, обжаренные морепродукты, посыпьте тертым сыром моцарелла. Запекайте в духовке 10-12 минут, пока тесто не подрумянится, а сыр расплавится. Перед подачей посыпьте пиццу итальянскими травами."
    },
    {
        "names_of_dishes": "Пицца Кальцоне",
        "products": "Мука - 500 г; Вода - 300 мл; Дрожжи сухие - 1 ч. ложка; Соль - 1 ч. ложка; Оливковое масло - 2 ст. ложки; Томатный соус - 100 г; Моцарелла - 200 г; Ветчина - 100 г; Грибы шампиньоны - 100 г; Оливки - 50 г; Итальянские травы - 1 ч. ложка; Чеснок - 2 зубчика.",
        "recipe": "Для теста в миске смешать муку, соль и дрожжи. Постепенно добавить теплую воду и оливковое масло, замесить тесто. Месить до тех пор, пока тесто не станет эластичным и не будет прилипать к рукам. Оставить тесто на 1-1,5 часа в теплом месте для подъема. Когда тесто поднимется, разделить его на 2 части и раскатать в круги диаметром около 25 см. На одну половину каждого круга выложить томатный соус, моцареллу, нарезанную ветчину, грибы, оливки, посыпать чесноком и итальянскими травами. Закрыть второй половиной теста, прижав края, чтобы получилось полукруглое пирожное. Положить на противень и выпекать в заранее разогретой до 220 градусов Цельсия духовке 15-20 минут до золотистой корочки. Пицца Кальцоне готова, подавайте горячей!"
    },
    {
        "names_of_dishes": "Пицца Маргарита",
        "products": "Тесто для пиццы - 1 шт (готовое или домашнее); Помидоры - 3 шт; Сыр моцарелла - 200 г; Оливковое масло - 2 ст. ложки; Базилик свежий - несколько листиков; Чеснок - 1 зубчик; Соль - по вкусу; Перец черный молотый - по вкусу.",
        "recipe": "Разогрейте духовку до 220°C. Тесто для пиццы раскатайте на противне, застеленном бумагой для выпечки. Помидоры нарежьте тонкими кружочками и выложите на тесто. Чеснок измельчите и обжарьте на оливковом масле до золотистого цвета, затем равномерно распределите его по пицце. Сыр моцарелла нарежьте или порвите на небольшие кусочки и выложите сверху. Посолите и поперчите по вкусу. Запекайте пиццу в духовке 10-12 минут, пока тесто не подрумянится, а сыр расплавится. Перед подачей украсьте пиццу листьями свежего базилика."
    },
    {
        "names_of_dishes": "Пицца на кабачковом тесте",
        "products": "Кабачки - 2 шт.; Яйца - 1 шт.; Мука - 3 ст. ложки; Сыр - 50 г; Томатный соус - 2 ст. ложки; Начинка (по вкусу).",
        "recipe": "Кабачки натереть, отжать сок. Смешать с яйцом, мукой и сыром. Выложить тесто на противень, запечь 15 минут при 180°C. Выложить начинку, томатный соус и сыр, запекать еще 10 минут."
    },
    {
        "names_of_dishes": "Пицца с анчоусами",
        "products": "Тесто для пиццы - 1 основа; Томатный соус - 3 ст. ложки; Анчоусы - 8-10 шт.; Маслины - 10 шт.; Сыр моцарелла - 150 г; Оливковое масло - 1 ст. ложка.",
        "recipe": "На основу распределить соус, выложить анчоусы и нарезанные маслины, посыпать натертой моцареллой. Запекать при 220°C около 10-12 минут до расплавления сыра."
    },
    {
        "names_of_dishes": "Пюре из моркови",
        "products": "Морковь - 500 г; Масло сливочное - 30 г; Соль - по вкусу.",
        "recipe": "Морковь очистить, отварить до мягкости. Размять в пюре, добавить масло и соль. Подавать теплым."
    },
    {
        "names_of_dishes": "Римская пицца",
        "products": "Мука - 500 г; Вода - 300 мл; Дрожжи сухие - 1 ч. ложка; Соль - 1 ч. ложка; Оливковое масло - 2 ст. ложки; Томатный соус - 150 г; Моцарелла - 200 г; Черные оливки - 50 г; Анчоусы - 50 г; Пармезан - 50 г; Итальянские травы - 1 ч. ложка; Чеснок - 2 зубчика.",
        "recipe": "В миске смешать муку, соль и дрожжи. Постепенно добавить теплую воду и оливковое масло, замесить тесто. Замешивать тесто до тех пор, пока оно не станет эластичным и не будет прилипать к рукам. Оставить тесто на 1-1,5 часа в теплом месте для подъема. Когда тесто поднимется, раскатать его в прямоугольный или овальный пласт на слегка присыпанной мукой поверхности. Разогреть духовку до 220 градусов Цельсия. Переложить раскатанное тесто на противень и равномерно распределить томатный соус по поверхности. Выложить моцареллу, нарезанные черные оливки, анчоусы и посыпать чесноком. Посыпать пиццу пармезаном и итальянскими травами. Выпекать пиццу в духовке 12-15 минут до золотистой корочки. Пицца готова! Подавать горячей, можно украсить свежими травами."
    },
    {
        "names_of_dishes": "Рулеты из патисонов",
        "products": "Патисоны - 2 шт.; Сливочный сыр - 100 г; Чеснок - 1 зубчик; Зелень - по вкусу; Масло растительное - 30 мл.",
        "recipe": "Патисоны нарезать тонкими пластинами, обжарить на гриле. Смешать сыр с чесноком и зеленью. Намазать сырную массу на пластины, свернуть рулетами и закрепить шпажками."
    },
    {
        "names_of_dishes": "Салат из капусты",
        "products": "Капуста белокочанная - 300 г; Морковь - 1 шт.; Соль - 0,5 ч. ложки; Сахар - 1 ч. ложка; Уксус - 1 ст. ложка; Масло растительное - 2 ст. ложки.",
        "recipe": "Капусту нашинковать, морковь натереть на терке. Посолить, добавить сахар, уксус и масло. Перемешать и оставить на 15 минут перед подачей."
    },
    {
        "names_of_dishes": "Салат Нисуаз",
        "products": "Анчоусы - 6 шт.; Зеленая фасоль - 100 г; Помидоры - 2 шт.; Картофель - 2 шт.; Яйца - 2 шт.; Маслины - 10 шт.; Листья салата - 1 пучок; Оливковое масло - 3 ст. ложки; Уксус - 1 ст. ложка.",
        "recipe": "Картофель отварить и нарезать кубиками. Фасоль и яйца отварить. Все ингредиенты нарезать, смешать и заправить маслом и уксусом."
    },
    {
        "names_of_dishes": "Салат Цезарь",
        "products": "Салат Ромэн - 1 кочан; Анчоусы - 4-5 шт.; Пармезан - 50 г; Белый хлеб - 2 ломтика; Яйцо - 1 шт.; Оливковое масло - 3 ст. ложки; Чеснок - 1 зубчик; Сок лимона - 1 ст. ложка; Горчица - 1 ч. ложка.",
        "recipe": "Салат порвать на крупные куски. Белый хлеб нарезать кубиками и обжарить до золотистого цвета. Анчоусы размять вилкой. Для заправки смешать яйцо, масло, лимонный сок, чеснок и горчицу, взбить. Выложить салат, крутоны, натертый пармезан, добавить анчоусы и заправить перед подачей."
    },
    {
        "names_of_dishes": "Салат Цезарь с анчоусами",
        "products": "Салат Ромэн - 1 кочан; Анчоусы - 4-5 шт.; Пармезан - 50 г; Белый хлеб - 2 ломтика; Яйцо - 1 шт.; Оливковое масло - 3 ст. ложки; Чеснок - 1 зубчик; Сок лимона - 1 ст. ложка; Горчица - 1 ч. ложка.",
        "recipe": "Салат порвать на крупные куски. Белый хлеб нарезать кубиками и обжарить до золотистого цвета. Анчоусы размять вилкой. Для заправки смешать яйцо, масло, лимонный сок, чеснок и горчицу, взбить. Выложить салат, крутоны, натертый пармезан, добавить анчоусы и заправить перед подачей."
    },
    {
        "names_of_dishes": "Свиной рулет",
        "products": "Свинина (шея или корейка) - 1 кг; Чеснок - 4 зубчика; Соль - 1 ч. ложка; Черный перец - 1 ч. ложка; Паприка - 1 ч. ложка; Оливковое масло - 2 ст. ложки; Зелень (петрушка, укроп) - 2 ст. ложки; Белое вино - 50 мл; Лавровый лист - 2-3 шт.",
        "recipe": "Свинину промыть, обсушить и разрезать вдоль волокон, чтобы получился большой пласт. Чеснок очистить, нарезать мелко или измельчить в чеснокодавке. Смешать чеснок с солью, перцем, паприкой и зеленью. Полученную смесь равномерно распределить по мясу. Завернуть мясо в рулет и закрепить с помощью кулинарной нитки. В сковороде разогреть оливковое масло, обжарить рулет со всех сторон до золотистой корочки. После этого добавить лавровый лист и белое вино, накрыть сковороду крышкой и тушить на медленном огне 1-1,5 часа, периодически переворачивая рулет. Готовый рулет остудить и нарезать на порции. Подавать можно с гарниром или как холодную закуску."
    },
    {
        "names_of_dishes": "Свиной рулет",
        "products": "Свинина (шея или корейка) - 1 кг; Чеснок - 4 зубчика; Соль - 1 ч. ложка; Черный перец - 1 ч. ложка; Паприка - 1 ч. ложка; Оливковое масло - 2 ст. ложки; Зелень (укроп, петрушка) - 2 ст. ложки; Белое вино - 50 мл; Лавровый лист - 2-3 шт.",
        "recipe": "Свинину промыть, обсушить и разрезать вдоль волокон, чтобы получился большой пласт. Чеснок очистить, нарезать мелко или измельчить в чеснокодавке. Смешать чеснок с солью, перцем, паприкой и зеленью. Полученную смесь равномерно распределить по мясу. Завернуть мясо в рулет и закрепить с помощью кулинарной нитки. В сковороде разогреть оливковое масло, обжарить рулет со всех сторон до золотистой корочки. После этого добавить лавровый лист и белое вино, накрыть сковороду крышкой и тушить на медленном огне 1-1,5 часа, периодически переворачивая рулет. Готовый рулет остудить и нарезать на порции. Подавать можно с гарниром или как холодную закуску."
    },
    {
        "names_of_dishes": "Селёдка под шубой",
        "products": "Сельдь - 2 шт; Картофель - 3 шт; Морковь - 2 шт; Лук репчатый - 1 шт; Яйца - 3 шт; Майонез - 200 г; Свекла - 2 шт; Соль - по вкусу.",
        "recipe": "Картофель, морковь и свеклу отварить в мундире, затем очистить и натереть на крупной терке. Яйца сварить вкрутую, очистить и натереть на мелкой терке. Лук мелко нарезать. Сельдь очистить от кожи, удалить кости и нарезать мелкими кусочками. На плоскую тарелку или в салатницу выложить слоями: сначала картофель, затем майонез, морковь, снова майонез, свеклу, майонез и сверху яйца. Каждый слой следует немного прижимать и смазывать майонезом. Украшать по желанию зеленью."
    },
    {
        "names_of_dishes": "Соус из анчоусов",
        "products": "Анчоусы - 6 шт.; Чеснок - 2 зубчика; Оливковое масло - 4 ст. ложки; Сливочное масло - 2 ст. ложки; Лимонный сок - 1 ст. ложка.",
        "recipe": "Анчоусы и чеснок обжарить на смеси масел до растворения. Добавить лимонный сок, перемешать. Подавать к овощам или мясу."
    },
    {
        "names_of_dishes": "Суп из патисонов",
        "products": "Патисоны - 3 шт.; Картофель - 2 шт.; Лук - 1 шт.; Сливки - 100 мл; Соль, специи - по вкусу.",
        "recipe": "Патисоны, картофель и лук нарезать и варить до мягкости. Измельчить блендером, добавить сливки, соль и специи. Прогреть на плите, не доводя до кипения."
    },
    {
        "names_of_dishes": "Сэндвич с анчоусами",
        "products": "Хлеб - 2 ломтика; Анчоусы - 4 шт.; Сливочный сыр - 50 г; Огурец - 1 шт.; Салатный лист - 1 шт.",
        "recipe": "Намазать хлеб сливочным сыром, выложить нарезанный огурец, анчоусы и салат. Сложить ломтики вместе."
    },
    {
        "names_of_dishes": "Тапенада из анчоусов",
        "products": "Анчоусы - 6 шт.; Маслины - 100 г; Каперсы - 2 ст. ложки; Чеснок - 1 зубчик; Оливковое масло - 3 ст. ложки.",
        "recipe": "Все ингредиенты измельчить в блендере до пастообразного состояния. Подавать на тостах или с овощами."
    },
    {
        "names_of_dishes": "Тарталетки",
        "products": "Тарталетки (корзинки) - 10 шт; Куриное филе - 200 г; Сыр твердый - 100 г; Майонез - 3-4 ст. ложки; Яйца - 2 шт; Лук репчатый - 1 шт; Соль - по вкусу; Перец - по вкусу.",
        "recipe": "Куриное филе отварить до готовности, нарезать мелкими кубиками. Яйца сварить вкрутую, очистить и натереть на крупной терке. Лук нарезать мелко и обжарить на сковороде до золотистого цвета. Сыр натереть на мелкой терке. В глубокой миске смешать куриное филе, яйца, лук, сыр, добавить майонез, соль и перец. Полученную массу выкладывать в тарталетки. Можно украсить зеленью или добавить дополнительные ингредиенты по желанию (например, оливки или помидоры)."
    },
    {
        "names_of_dishes": "Тушеная капуста",
        "products": "Капуста белокочанная - 1 кг; Лук - 1 шт.; Томатная паста - 2 ст. ложки; Масло растительное - 50 мл; Соль, специи - по вкусу.",
        "recipe": "Капусту нарезать, лук измельчить. В сковороде разогреть масло, обжарить лук, добавить капусту. Тушить 20 минут, затем добавить томатную пасту, соль и специи. Тушить еще 10 минут."
    },
    {
        "names_of_dishes": "Тушеная морковь с луком",
        "products": "Морковь - 500 г; Лук - 1 шт.; Масло растительное - 30 мл; Соль, специи - по вкусу.",
        "recipe": "Морковь нарезать кружками, лук измельчить. Обжарить лук на масле, добавить морковь и немного воды. Тушить под крышкой до мягкости, посолить и приправить специями."
    },
    {
        "names_of_dishes": "Тушеные кабачки с овощами",
        "products": "Кабачки - 2 шт.; Болгарский перец - 1 шт.; Помидоры - 2 шт.; Лук - 1 шт.; Масло растительное - 30 мл; Соль, специи - по вкусу.",
        "recipe": "Все овощи нарезать. В сковороде разогреть масло, обжарить лук, затем добавить перец, кабачки и помидоры. Тушить под крышкой 15-20 минут. Посолить и добавить специи перед подачей."
    },
    {
        "names_of_dishes": "Тушеные патисоны с овощами",
        "products": "Патисоны - 2 шт.; Болгарский перец - 1 шт.; Помидоры - 2 шт.; Лук - 1 шт.; Масло растительное - 30 мл; Соль, специи - по вкусу.",
        "recipe": "Овощи нарезать. В сковороде разогреть масло, обжарить лук, затем добавить патисоны, перец и помидоры. Тушить под крышкой 15-20 минут. Посолить и добавить специи перед подачей."
    },
    {
        "names_of_dishes": "Фаршированные кабачки",
        "products": "Кабачки - 2 шт.; Фарш мясной - 300 г; Лук - 1 шт.; Томатная паста - 2 ст. ложки; Сыр - 50 г; Соль, специи - по вкусу.",
        "recipe": "Кабачки разрезать пополам и удалить сердцевину. Обжарить фарш с луком, добавить томатную пасту и специи. Наполнить кабачки фаршем, посыпать сыром и запекать при 180°C 25-30 минут."
    },
    {
        "names_of_dishes": "Фаршированные патисоны",
        "products": "Патисоны - 4 шт.; Фарш мясной - 300 г; Лук - 1 шт.; Морковь - 1 шт.; Сыр - 50 г; Соль, специи - по вкусу.",
        "recipe": "Патисоны очистить, срезать верхушки и удалить сердцевину. Обжарить фарш с луком и морковью, добавить специи. Наполнить патисоны, посыпать тертым сыром и запекать при 180°C 25-30 минут."
    },
    {
        "names_of_dishes": "Хамон из козлятины",
        "products": "Козлятина (бедро или задняя часть) - 1,5-2 кг; Соль - 100 г; Сахар - 50 г; Перец черный молотый - 1 ч. ложка; Чеснок - 4 зубчика; Тимьян - 2 ст. ложки; Розмарин - 2 ст. ложки; Оливковое масло - 2 ст. ложки.",
        "recipe": "Козлятину хорошо очистить от лишнего жира и пленок. Смешать соль, сахар, перец, измельченный чеснок, тимьян и розмарин. Этой смесью обмазать мясо со всех сторон, завернуть в пленку и оставить в холодильнике на 3-4 дня для маринования. После маринования мясо нужно промыть от лишних специй, обсушить и смазать оливковым маслом. Подвесить мясо в прохладном месте на 2-3 недели (желательно в месте с хорошей вентиляцией), периодически проверяя, чтобы мясо не заплесневело. Через 2-3 недели хамон будет готов. Он имеет насыщенный вкус и аромат, с характерной текстурой, которую можно наслаждаться, нарезая тонкими ломтями."
    },
    {
        "names_of_dishes": "Хэшбраун",
        "products": "Картофель - 0,5 кг; Соль - 0,5 ч. ложки; Масло растительное - 50-100 г.",
        "recipe": "Картофель очистить, вымыть, натереть на крупной терке. Воду вскипятить. Опустить в кипящую воду натертый картофель, варить 4-5 минут (главное, чтобы вода повторно закипела). Откинуть картофельную стружку на дуршлаг, чтобы стекла вода. Не промывать! Затем картофельную массу равномерно разложить на полотенце на 10-15 минут. Снова переложить картофель в миску, добавить соль, перемешать. На сковороде нагреть масло. Выложить картофельную массу на сковороду, сформировать аккуратные пышные оладьи (высотой 1 см). Жарить с каждой стороны до золотистого цвета."
    },
    {
        "names_of_dishes": "Шакшука",
        "products": "Яйца - 4 шт; Помидоры - 3 шт; Лук - 1 шт; Перец сладкий - 1 шт; Чеснок - 2 зубчика; Паприка - 1 ч. ложка; Оливковое масло - 2 ст. ложки.",
        "recipe": "Лук и перец нарезать, обжарить на оливковом масле. Добавить нарезанные помидоры и чеснок, приправить паприкой, тушить 10 минут. Сделать углубления в соусе, разбить яйца. Готовить под крышкой до желаемой степени готовности желтка."
    },
    {
        "names_of_dishes": "Шаурма",
        "products": "Куриное филе - 300 г; Лаваш - 1 шт.; Помидор - 1 шт.; Огурец свежий - 1 шт.; Листья салата - 3-4 шт.; Соус (майонез, чеснок, йогурт) - 3 ст. ложки; Специи (паприка, кориандр, черный перец) - по вкусу; Масло растительное - 1 ст. ложка.",
        "recipe": "Куриное филе промыть, обсушить и нарезать полосками. В миске смешать специи, добавить масло, перемешать и мариновать мясо 20-30 минут. В это время нарезать помидор и огурец тонкими ломтями, а листья салата порвать руками. На сковороде разогреть масло и обжарить курицу до золотистой корочки, около 7-10 минут. Лаваш немного подогреть, на одну сторону выложить листья салата, затем помидоры, огурцы и обжаренную курицу. Полить соусом и завернуть лаваш в конверт, плотно скручивая края. Подавать горячим."
    },
    {
        "names_of_dishes": "Шоколадный торт",
        "products": "Мука - 1 стакан; Сахар - 1 стакан; Какао-порошок - 3 ст. ложки; Яйцо - 2 шт.; Масло сливочное - 100 г; Разрыхлитель теста - 1 ч. ложка; Молоко - 1/2 стакана; Ванильный сахар - 1 ч. ложка.",
        "recipe": "Масло растопить и смешать с сахаром, ванильным сахаром и яйцами до однородной массы. Добавить какао-порошок и перемешать. Муку просеять с разрыхлителем теста и постепенно ввести в масляную смесь, чередуя с молоком. Замесить тесто до гладкости. Разогреть духовку до 180°C. Выложить тесто в смазанную форму для выпечки и выпекать 25-30 минут, проверив готовность деревянной палочкой. Когда корж остынет, можно покрыть его глазурью или кремом по желанию."
    },
    {
        "names_of_dishes": "Щи из свежей капусты",
        "products": "Капуста белокочанная - 400 г; Картофель - 3 шт.; Морковь - 1 шт.; Лук - 1 шт.; Томатная паста - 2 ст. ложки; Соль, специи - по вкусу.",
        "recipe": "Капусту нарезать, картофель порезать кубиками, морковь и лук измельчить. В кипящий бульон добавить картофель, через 5 минут капусту, затем обжаренные с томатной пастой лук и морковь. Варить до готовности."
    }
]